{"Undetermined": {"precision": 0.75, "recall": 0.6206896551724138, "f1-score": 0.679245283018868, "support": 58}, "True": {"precision": 0.8931451612903226, "recall": 0.930672268907563, "f1-score": 0.9115226337448559, "support": 476}, "False": {"precision": 0.7724550898203593, "recall": 0.7288135593220338, "f1-score": 0.7499999999999999, "support": 177}, "accuracy": 0.8551336146272855, "macro avg": {"precision": 0.8052000837035607, "recall": 0.7600584944673369, "f1-score": 0.7802559722545745, "support": 711}, "weighted avg": {"precision": 0.8514228518599117, "recall": 0.8551336146272855, "f1-score": 0.8523642757772795, "support": 711}}